{"cameraMode":{"drawMode":0,"name":"Shaded","section":"Shading Mode"},"sceneLighting":false,"audioPlay":false,"sceneViewState":{"m_AlwaysRefresh":false,"showFog":true,"showSkybox":false,"showFlares":true,"showImageEffects":true,"showParticleSystems":true,"showVisualEffectGraphs":true,"m_FxEnabled":true},"in2DMode":false,"pivot":{"x":1.1920928955078126e-7,"y":2.520042657852173,"z":0.6463841795921326},"rotation":{"x":-0.71930992603302,"y":0.0004150457389187068,"z":-0.00042937093530781567,"w":-0.6946879029273987},"size":3.5845565795898439,"orthographic":false}